doi,pubmed_id,title,abstract,authors,journal,year,comments
10.1007_s001220050943,546,"Microsatellite (SSR) markers reveal genetic identities, genetic diversity and relationships in a Malus x domestica borkh. core subset collection","A collection of 66 Malus]domestica Borkh. accessions from the USDA-ARS Plant Genetic Resources Unit’s core collection was screened with a set of eight SSR (simple sequence repeat) primers developed at the PGRU in order to determine genetic identities, estimate genetic diversity, and to identify genetic relationships among these accessions. All eight primer pairs generated multiple fragments when used in ampli- fication reactions with DNA from these accessions. High levels of variation were detected with a mean of 12.1 alleles per locus and a mean heterozygosity across all eight loci of 0.693. The eight primer pairs utilized in this study unambiguously differentiated all but seven pairs of accessions in this collection of 66 M.]domestica Borkh. genotypes. The probability of matching any two genotypes at all eight loci in this study was approximately 1 in 1 billion. The markers detected two misnamed accessions in the collection. Genetic-identity data produced a genetic-relatedness phenogram which was concordant with geographic origins and/or known pedigree information. These SSR markers show great promise as tools for managing Malus ex situ germplasm collections as well as for collection and preservation strategies concerning wild Malus populations in situ.","Hokanson SC, Szewc-McFadden AK, Lamboy WF, McFerson JR",TAG,1998,
10.1023_A_1015677505602,643,Simple sequence repeats for genetic analysis in pear,"The development of highly informative DNA markers, such as simple sequence repeats (SSRs), is essential for breeding to select agronomically important traits and for genetic studies in pear. We developed SSR markers by using two approaches, RAHM (random amplified hybridization microsatellites) and 5' anchored PCR methods. Segregation analysis of the SSRs revealed that amplified fragments were derived from the same loci, using 3 sets of progenies from crosses between pear varieties. Genetic diversity was characterized using 32 varieties, including 10 from Japanese pear (Pyrus pyrifolia), 9 from Chinese pear (P. bretschneideri, P. ussuriensis), 10 from European pear (P. communis) as well as 3 wild relatives (P. calleryana). Diversity of SSR genotypes was observed among species as well as within species and 65 putative alleles were detected. The use of seven SSR markers was sufficient to differentiate between all of the 32 varieties.","Yamamoto T, Kimura T, Sawamura Y, Manabe T, Kotobuki K, Hayashi T, Ban Y, Matsuta N",Euphytica,2002,"""_"" after ""A"" in the DOI is "":"""
10.1007_s00122-002-0966-5,2764,Genetic linkage maps constructed by using an interspecific cross between Japanese and European pears,"Genetic linkage maps of the European pear ( Pyrus communis L.) cultivar 'Bartlett' and the Japanese pear ( Pyrus pyrifolia Nakai) cultivar 'Housui' were constructed based on AFLPs, SSRs from pear, apple and Prunus, isozymes and phenotypic traits by using their F(1) progenies. The map of the female parent Bartlett consisted of 226 loci including 175 AFLPs, 49 SSRs, one isozyme and one S locus on 18 linkage groups over a total length of 949 cM, while that for 'Housui' contained 154 loci including 106 AFLPs, 42 SSRs, two phenotypic traits and the other four markers on 17 linkage groups encompassing a genetic distance of 926 cM. These maps were partially aligned using 20 codominant markers which showed segregating alleles in both parents. Compared with the reports of apple genetic maps, these pear maps were not saturated but were near saturation. Distorted segregation was observed in two and one regions of the genome of Bartlett and Housui, respectively. The position of 14 SSRs originating from apple could be successfully determined in pear maps, which enabled us to compare the two maps. Some SSRs developed from Prunus (peach, cherry) were also mapped. The relationships between pear and the other species belonging to the Rosaceae were discussed based on the position of SSRs.","Yamamoto T, Kimura T, Shoda M, Imai T, Saito T, Sawamura Y, Kotobuki K, Hayashi T, Matsuta N",TAG,2002,
10.1007_s11295-008-0133-5,4569,"Map position and functional allelic diversity of Md-Exp7, a new putative expansin gene associated with fruit softening in apple (Malus x domestica Borkh.) and pear (Pyrus communis)","Fruit ripening can be considered as a complex set of biochemical and physiological changes occurring at the end of the developmental stage. Ripe fruit texture notably affects overall quality and consumer appreciation. Excessive softening limits shelf-life and storability, thereby increasing disease susceptibility and economic loss. Fruit softening is a process due to the depolymerisation of different polysaccharide classes, an event controlled by a synergic and coordinated action of several enzymes among which expansins play a fundamental role. To date, six expansin genes are known to be expressed during apple fruit ontogeny, from full bloom up to fruit ripening. We identified a novel expansin apple homolog (Md-Exp7) sharing high sequence similarity with specific-ripening expansin genes of other crops. A functional marker (Md-Exp7SSR) based on an SSR motif located within the untranslated region of the gene was developed and mapped on Linkage Group 1 of the apple and pear genomes in a region where one major apple QTL for fruit firmness had been previously identified. The allelic composition of 31 apple varieties for the SSR marker was associated with differences in fruit softening.","Costa F, Weg W.E. van de, Stella S, Dondini L, Pratesi D, Musacchi S, Sansavini S",Tree Genetics and Genomes,2008,
10.1007_s11295-007-0124-y,6410,Development of an STS map of an interspecific progeny of Malus,"Simple sequence repeat (SSR) markers developed from Malus, as well as Prunus, Pyrus and Sorbus, and some other sequence-tagged site (STS) loci were analysed in an interspecific F₁ apple progeny from the cross 'Fiesta' x 'Totem' that segregated for several agronomic characters. A linkage map was constructed using 259 STS loci (247 SSRs, four SCARs and eight known-function genes) and five genes for agronomic traits--scab resistance (Vf), mildew resistance (Pl-2), columnar growth habit (Co), red tissues (Rt) and green flesh background colour (Gfc). Ninety SSR loci and three genes (ETR1, Rt and Gfc) were mapped for the first time in apple. The transferability of markers from other Maloideae to Malus was found to be around 44%. The loci are spread across 17 linkage groups, corresponding to the basic chromosome number of Malus and cover 1,208 cM, approximately 85% of the estimated length of the apple genome. Interestingly, we have extended the top of LG15 with eight markers covering 25 cM. The average map density is 4.7 cM per marker; however, marker density varies greatly between linkage groups, from 2.5 in LG14 to 8.9 in LG7, with some areas of the genome still in need of further STS markers for saturation.","Fernández-Fernández F, Evans KM, Clarke JB, Govan CL, James CM, Marič S, Tobutt KR",Tree genetics & genomes,2008,
10.1016_j.scienta.2005.07.009,6694,Identification of RAPD marker linked to fruit skin color in Japanese pear (Pyrus pyrifolia Nakai),"In Japanese pear, fruit skin color is a very important trait for growers because the russet skin protects the fruit against external stress caused by disease, insects, bad weather, and shipping. This report describes the development of a randomly amplified polymorphic DNA (RAPD) marker linked to major genes controlling the fruit skin color in Japanese pear. Two F1 progenies from the cross of ‘Kousui’  ‘Kinchaku’ and ‘Niitaka’  ‘Chikusui’ segregated by fruit skin color were used for bulked segregant analysis. Four kinds of bulked DNAwere constructed and used for the polymerase chain reaction in RAPD analysis. After 200 random primers were screened against four bulks, a band named OPH19425 was selected in cooperation with green bulks. The recombination rate between OPH-19425 and the green skin phenotype was 7.3%. The RAPD marker (OPH-19425) could select green fruit with probability as high as approximately 92%. The marker was apparently useful for the selection of green-skinned individuals in a breeding program. This is the first report on developing a DNA marker closely linked to the fruit phenotype in Japanese pear","Inoue E, Kasumi M, Sakuma F, Anzai H, Amano K, Hara H",Scientia horticulturae,2006,
10.3864_j.issn.0578-1752.2016.12.011,12450,Construction of SSR genetic linkage map and comparison on pears,"【Objective】The genetic linkage map was constructed based on the Simple Sequence Repeat primers of pears and apples that have been published and developed from the transcriptome of pears by our team, which will be the foundation for the important trait mapping of QTL and marker-assisted selection in the future.【Method】A F1 mapping population was built on a cross between a western pear (Red Clapp Favorite) as the female parent, and an oriental pear (Mansoo) as the male parent. The SSR primers which matched the ""CP"" mode in the JoinMap 4.0 software in parents and four individuals by PCR application were selected and then tested in the F1 group. The separation of data was analyzed by JoinMap 4.0 software, and the parent genetic map was constructed respectively. The genetic map of the parents was integrated based on anchor points which were homology marks in the parents’ map on each linkages.【Result】909 pairs of SSR primers from different sources (526 pairs from pears and 283 pairs from apples that have been published, and 100 pairs were developed from the pear transcriptome by our team) was preliminarily screened through a PCR technique. The results showed that amplified fragments and polymorphism of SSR primers from apples were lower, but that the SSR primers from pears and developed through the transcriptome of pears were higher. The parents’ genetic linkage map was constructed based on the 207 pairs of SSR primers which conformed to the drawing. A female genetic map was constructed by 141 markers which was distributed on 17 linkage groups and spanned 757.34 cM in genome with an average distance of 5.37 cM between markers; A male genetic map was constructed by 153 markers which was distributed on 19 linkage groups and spanned 1 149.43 cM in genome with an average distance of 7.51 cM between markers.【Conclusion】The integrated genetic linkage maps of parents were constructed by different sources of SSR molecular markers, which contained 186 SSR markers and finally covered the genome 1 125.33 cM.","Wang, L., Wang, L., Xue, H.B., Li, X.G., Li, J.",Sci. Agric. Sinica,2016,
10.1111_j.1439-0523.2009.01684.x,12613,"Relationships of PpACS1 and PpACS2 genotypes, internal ethylene concentration and fruit softening in European (Pyrus communis) and Japanese (Pyrus pyrifolia) pears during cold air storage","Previous studies have demonstrated that genotypes of PpACS1 and PpACS2 genes are associated with certain levels of ethylene production in Japanese pears (Pyrus pyrifolia Nakai). This study was undertaken to examine further the relationships of PpACS1 and PpACS2 genotypes and internal ethylene concentration (IEC) with fruit firmness/softening in both European (P. communis L.) and Japanese pears (P. pyrifolia Nakai). Our data showed that P. communis L. lacked genotypes ‘AB’/‘Ab’ and ‘aB’, for high and medium IEC respectively, irrespective of high levels of IEC found in the European pear cultivars/selections. PpACS1 and PpACS2 genotypes were related to IEC at 20 days after harvest (DAH) in P. pyrifolia Nakai but IEC did not have any significant relationship with fruit firmness at 50DAH in either P. communis L. or P. pyrifolia Nakai. Harvest firmness was a better predictor of postharvest firmness than IEC across both species and genotypes, explaining 46% of the variation in fruit firmness at 50DAH. We recommend breeding for higher harvest firmness within low ethylene cultivars in order to extend the shelf life/storage potential of Japanese pears.","Oraguzie NC, Whitworth CJ, Brewer L, Hall A, Volz RK, Bassett H, Gardiner SE",Plant Breeding,2010,
10.1007_s11032-017-0689-6,13187,Genetic structure of a QTL hotspot on chromosome 2 in sweet cherry indicates positive selection for favorable haplotypes,"A genomic region of particular interest for sweet cherry (Prunus avium L.) breeding is a quantitative trait locus (QTL) Bhotspot^ on chromosome 2. QTLs for fruit size, firmness, sweetness, and flowering time are reported to map to this region. An understanding of genetic diversity, allele sources, linkage relationships, and historical recombinations is critical to enable the combining of favorable alleles at multiple loci. The objectives of this study were to characterize, visualize, and interpret the genetic structure of this previously identified QTL hotspot within North American sweet cherry breeding germplasm, using a pedigree-based haploblocking approach. Across the 29.4 cM (6.3 Mbp) region defined by single nucleotide polymorphism (SNP) information from the RosBREED cherry 6K SNP array v1, a total of 12 recombination events falling into six inter-marker regions were traced within the pedigree of elite and wild germplasm (n = 55). These recombinations defined five haploblocks containing 5–15 markers and exhibiting 7– 11 haplotypes each. Over the entire QTL hotspot, 30 extended haplotypes were identified for which parental gametes could be determined. When the haploblocks and their haplotypes were used to explore genetic diversity, ancestry, and recombination patterns, and then integrated with previous QTL results for fruit size, the results indicated that favorable alleles at this QTL hotspot are under positive selection in breeding. The genetic framework provided by a haploblock approach and knowledge of haplotype-level diversity sets the stage for assigning breeding utility to these haplotypes.","Cai L, Voorrips R, vandeWeg E, Peace C, Iezzoni A",Molecular Breeding,2017,
10.1007_s11295-008-0171-z,7649,Construction of a dense genetic linkage map for apple rootstocks using SSRs developed from Malus ESTs and Pyrus genomic sequences,"Marker-assisted selection (MAS) offers quick and reliable prediction of the phenotypes of seedlings in large populations and thus opens new approaches for selection to breeders of apple (Malus x domestica Borkh.). The development of framework maps enables the discovery of genetic markers linked to desired traits. Although genetic maps have been reported for apple scion cultivars, none has previously been constructed for apple rootstocks. We report the construction of framework genetic maps in a cross between ‘M.9’ (‘Malling 9’) and ‘R.5’ (‘Robusta 5’) apple rootstocks. The maps comprise 224 simple sequence repeat (SSR) markers, 18 sequence-characterised amplified regions, 14 single nucleotide polymorphisms and 42 random amplified polymorphic DNAs. A new set of 47 polymorphic SSRs was developed from apple EST sequences and used for construction of this rootstock map. All 17 linkage groups have been identified and aligned to existing apple genetic maps. The maps span 1,175.7 cM (‘M.9’) and 1,086.7 cM (‘R.5’). To improve the efficiency of mapping markers to this framework map, we developed a bin mapping set. Applications of these new genetic maps include the elucidation of the genetic basis of the dwarfing effect of the apple rootstock ‘M.9’ and the analysis of disease and insect resistance traits such as fire blight (Erwinia amylovora), apple scab (Venturia inaequalis) and woolly apple aphid (Eriosoma lanigerum). Markers for traits mapped in this population will be of direct use to apple breeders for MAS and for identification of causative genes by map-based cloning.","Celton J-M, Tustin DS, Chagne D, Gardiner SE",Tree Genetics and Genomes,2009,
10.1007_s00122-002-1102-2,310,Mapping of qualitative and quantitative phenotypic traits in Rosa using AFLP markers,"A segregating population of 91 hybrids issued from a cross between a dihaploid rose, derived from the haploidisation of a modern cultivar, and a diploid species was used to construct linkage maps of the parental genomes. As in other recent genetic studies in Rosa, AFLPs were used as molecular markers. Two segregating qualitative traits, recurrent blooming and double corolla, already known to be inherited as single recessive and dominant genes, respectively, were recorded in the mapping population. A quantitative trait, thorn density of the shoots, was also evaluated in this population. Sixty eight and 108 AFLP markers located on 8 and 6 linkage groups could be analysed in the female and male parent, respectively. The two recorded qualitative phenotypic markers were mapped as well as the quantitative one, after having performed QTL analyses on the parental maps in the latter case. It appears that thorn quantity is controlled by a major and a minor QTL which are located on the same linkage group at 36.5 and 3.2 cM from the single seasonal-blooming gene, respectively.","Crespel L, Chirollet M, Durel E, Zhang D, Meynet J, Gudin S",TAG,2002,
10.1111_j.1471-8286.2006.01422.x,11539,Isolation and characterization of polymorphic microsatellite markers from European pear (Pyrus communis L.),"This study reports the development and characterization of 19 microsatellite primer pairs developed from genomic DNA of European pear (Pyrus communis) and their transferability to other Pyrus and Malus material. The primers were designed from two different genomic libraries enriched for di- and trinucleotide repeats. When tested in six P. communis cultivars and 15 other Pyrus species, 13 primers revealed single-locus polymorphism and six showed more complex patterns that suggest multiple loci. Two to 18 alleles were detected per locus and two primer pairs were sufficient to discriminate all accessions. Transferability of nine primer pairs to Malus was demonstrated through amplification of discrete products in two accessions.","Fernández-Fernández F, Harvey NG. James CM",Mol. Ecol. Notes,2006,
10.1007_s001220050841,663,Simple sequence repeats for the genetic analysis of apple,"The development of highly informative markers, such as simple sequence repeats, for tagging genes controlling agronomic characters is essential for apple breeding. Furthermore the use of these markers is fundamental both for variety identification and for the characterisation and management of genetic resources. We have developed 16 reliable simple sequence repeat (SSR) markers that amplify all alleles from a panel of 19 Malus x domestica (Borkh.) cultivars or breeding selections and from Malus floribunda 821. Those markers show a high level of genetic polymorphism, with on average 8.2 alleles per locus and an average heterozygosity of 0.78. Due to this high level of polymorphism, it was possible using two selected SSRs to distinguish all cultivars except Starking and Red Delicious. Ten of the markers we developed have been mapped on a RAPD linkage map, proving their Mendelian segregation as well as their random distribution in the apple genome. Finally, we discuss the importance of using co-dominant markers in outbreeding species.","Gianfranceschi, L., Seglias, N., Tarchini, R., Komjanc, M., Gessler, C.",Theoretical and applied genetics,1998,
10.1007_s10681-011-0616-6,9166,"Construction of a genetic linkage map with SSR, AFLP and morphological markers to locate QTLs controlling pathotype-specific powdery mildew resistance in diploid roses","Disease resistance is a sought-after trait in plant breeding programmes. One strategy to make resistance more durable is to increase the number of resistance genes, thereby increasing the number of pathotypes withstood. One of the most important diseases on roses is powdery mildew (PM) (Podosphaera pannosa). Recent studies show that pathotypes of PM and different types of resistances in roses exist. The results of this study aim to contribute to PM resistance in roses by the development of pathotype-specific markers on a genetic map. A diploid rose population (90 genotypes) derived from a cross between Rosa wichurana and Rosa ‘Yesterday’ was used to construct a genetic linkage map encompassing 20 AFLP primer combinations, 43 SSR, and 2 morphological markers. By applying the F1 pseudo-test cross population strategy, two parental linkage maps were constructed (parent ‘Yesterday’ 536 cM; parent R. wichurana 526 cM). Both parental maps consisted of seven linkage groups with an average length of 70 cM (Kosambi) corresponding to the seven haploid rose chromosomes. These new maps were used to identify QTLs controlling disease resistance. The offspring population was screened for resistance to two PM pathotypes, R–E and R–P. QTLs for controlling pathotype-specific disease resistance were mapped by applying Kruskal–Wallis rank-sum tests and simple interval mapping. With two pathotypes analysed, nine QTL loci were detected on linkage groups 2, 3, 5 and 6, explaining 15–73% of the phenotypic variance for pathotype-specific disease response. The genetic maps developed here will be useful for future rose breeding, pathotype-specific resistance research and development of a consensus map for roses.","Moghaddam HH, Leus L, De Riek J, Van Huylenbroeck J, Van Bockstaele E",Euphytica,2012,
10.1007_s11032-008-9249-4,8792,Determination of partial genomic sequences and development of a CAPS system of the S-RNase gene for the identification of 22 S haplotypes of apple (Malus x domestica Borkh.),"Information about self-incompatibility (S) genotypes of apple cultivars is important for the selection of pollen donors for fruit production and breeding. Although S genotyping systems using S haplotype-specific PCR of S-RNase, the pistil S gene, are useful, they are sometimes associated with false-positive/negative problems and are unable to identify new S haplotypes. The CAPS (cleaved amplified polymorphic sequences) system is expected to overcome these problems, however, the genomic sequences needed to establish this system are not available for many S-RNases. Here, we determined partial genomic sequences of eight S-RNases, and used the information to design new primer and to select 17 restriction enzymes for the discrimination of 22 S-RNases by CAPS. Using the system, the S genotypes of three cultivars were determined. The genomic sequence-based CAPS system would be useful for S genotyping and analyzing new S haplotypes of apple.","Kim H, Kakui H, Kotoda N, Hirata Y, Koba T, Sassa H",Molecular breeding,2009,
10.1126_science.aav8197,12958,Mutation of a bHLH transcription factor allowed almond domestication.,"Wild almond species accumulate the bitter and toxic cyanogenic diglucoside amygdalin. Almond domestication was enabled by the selection of genotypes harboring sweet kernels. We report the completion of the almond reference genome. Map-based cloning using an F1 population segregating for kernel taste led to the identification of a 46-kilobase gene cluster encoding five basic helix-loop-helix transcription factors, bHLH1 to bHLH5. Functional characterization demonstrated that bHLH2 controls transcription of the P450 monooxygenase-encoding genes PdCYP79D16 and PdCYP71AN24, which are involved in the amygdalin biosynthetic pathway. A nonsynonymous point mutation (Leu to Phe) in the dimerization domain of bHLH2 prevents transcription of the two cytochrome P450 genes, resulting in the sweet kernel trait.","Sánchez-Pérez R, Pavan S, Mazzeo R, Moldovan C, Aiese Cigliano R, Del Cueto J, Ricciardi F, Lotti C, Ricciardi L, Dicenta F, López-Marqués RL, Møller BL",Science,2019,
10.1023_A_1020525906332,756,Development and characterisation of 140 new microsatellites in apple (Malus x domestica Borkh.),"The availability of suitable genetic markers is essential to efficiently select and breed apple varieties of high quality and with multiple disease resistances. Microsatellites (simple sequence repeats, SSR) are very useful in this respect since they are codominant, highly polymorphic, abundant and reliably reproducible. Over 140 new SSR markers have been developed in apple and tested on a panel of 7 cultivars and 1 breeding selection. Their high level of polymorphism is expressed with an average of 6.1 alleles per locus and an average heterozygosity (H) of 0.74. Of all SSR markers, 115 have been positioned on a genetic linkage map of the cross ‘Fiesta’ × ‘Discovery’. As a result, all 17 linkage groups, corresponding to the 17 chromosomes of apple, were identified. Each chromosome carries at least two SSR markers, allowing the alignment of any apple molecular marker map both with regard to identification as well as to orientation of the linkage groups. To test the degree of conservation of the SSR flanking regions and the transferability of the SSR markers to other Rosaceae species, 15 primer pairs were tested on a series of Maloideae and Amygdaloideae species. The usefulness of the newly developed microsatellites in genetic mapping is demonstrated by means of the genetic linkage map. The possibility of constructing a global apple linkage map and the impact of such a number of microsatellite markers on gene and QTL mapping is discussed.","Liebhard, R., Gianfranceschi, L., Koller, B., Ryder, C.D., Tarchini, R., Weg, E. van de., Gessler, C.",Molecular breeding,2002,"""_"" after ""A"" in the DOI is "":"""
10.1007_s10592-009-9871-7,8428,Development and characterization of microsatellite loci for Rosa odorata var. gigantea Rehder &amp; E. H. Wilson (Rosaceae),"Eighteen microsatellite markers were developed from Rosa odorata var. gigantea (Rosaceae), including 11 new microsatellite markers and 7 modified microsatellite loci having been developed from other Rosa species. About 27 wild individuals from 3 populations were used to screen polymorphism of these 18 microsatellite makers. The average allele number of these markers was 3.9 per locus, ranging from 2 to 9. The expected and observed heterozygosities varied from 0.2711 to 0.8043 and from 0.0370 to 0.5556, respectively. Cross-species amplification in other eight Rosa species showed their potential use for congeneric species. These microsatellite primers will be used for population genetics studies, constructing genetic linkage maps or locating quantitative trait locus (QTL) of R. odorata var. gigantea and related species.","Meng J, Li D, Yi T, Yang J, Zhao X",Conservation genetics,2009,
10.1007_s11295-011-0458-3,8500,Aligned genetic linkage maps of apple rootstock cultivar ‘JM7’ and Malus sieboldii ‘Sanashi 63’ constructed with novel EST-SSRs,"Identification of markers associated with genes of interest and quantitative trait loci (QTLs), combined with high-density genetic linkage maps, can help reduce labor and costs by enabling marker-assisted selection (MAS). In this study, a dwarfing apple rootstock cultivar ‘JM7’ (Malus prunifolia × Malus pumila ‘Malling 9’) and wild apple Malus sieboldii ‘Sanashi 63’ (section Sorbomalus) were used for constructing genetic linkage maps. Here, a species from section Sorbomalus was used for the first time as a target species in a genome-wide mapping study. We also developed and mapped 137 novel-expressed sequence tag-simple sequence repeat (EST-SSR) markers. The genetic linkage maps of ‘JM7’ and ‘Sanashi 63’ consisted of 415 and 310 loci and spanned 998.0 and 981.8 cM, respectively, comparable to the reference map of Malus × domestica ‘Discovery’. A BLASTN search revealed that all of the EST-SSR sequences used in this study exhibited very high homology to one or more previously characterized apple genome contigs. Although the most homologous contigs of 89 EST-SSRs were located within the same linkage groups (LGs) identified by mapping analysis, the other 48 EST-SSRs were aligned into contigs positioned in different LGs than those identified by mapping. When search criteria were expanded to include the five most homologous contigs of each EST-SSR, at least one of the top five contigs for 15 of these 48 EST-SSRs corresponded to the LG obtained by mapping. The maps of ‘JM7’ and ‘Sanashi 63’ may be useful for analyzing important rootstock characteristics and identifying markers for MAS.","Moriya S, Iwanami H, Kotoda N, Haji T, Okada K, Terakami S, Mimida N, Yamamoto T, Abe K",Tree genetics & genomes,2012,
10.1007_s11295-009-0240-y,8537,Genetic mapping of the crown gall resistance gene of the wild apple Malus sieboldii,"Crown gall, caused by Agrobacterium tumefaciens, causes severe damage to apple saplings resulting in weak growth and loss of commercial value. Developing molecular markers linked to crown gall resistance genes, and establishing a marker-assisted selection (MAS) for such a trait would be an effective way to improve rootstock breeding for crown gall resistance. The wild apple Malus sieboldii Sanashi 63 carries the crown gall resistance gene Cg effective against the A. tumefaciens strain Peach CG8331 (biovar 2). Applying the genome scanning approach on the mapping population JM7 (cgcg) × Malus sieboldii Sanashi 63 (Cgcg), Cg was mapped on the linkage group (LG) 2. The constructed linkage map of LG 2 of Sanashi 63 spans 59.8 cM and has an average marker density of 3.5 cM per marker. The 191 bp allele of the simple sequence repeat (SSR) NZmsEB119405 co-segregated perfectly with Cg in a segregating population of 119 individuals. Quantitative trait loci, accounting for 75.3% to 84.3% of phenotypic variation were detected in the same position. Testing eight additional rootstocks with the NZmsEB119405 SSR marker revealed that the 191 bp allele is also present in crown gall-susceptible rootstock accessions. Only the markers CH03b01 and NZmsPal92 mapping at 0.9 and 4.3 cM from Cg, respectively, showed âprivateâ alleles associated to Cg.","Moriya S, Iwanami H, Takahashi S, Kotoda N, Suzaki K, Yamamoto T, Abe K",Tree genetics & genomes,2010,
10.17660_ActaHortic.2006.726.12,6656,Construction of a linkage map and QTL analysis of agronomic traits in almond using SSR markers,"Developing new cultivars is a long and tedious process in temperate fruit crops such as almond [Prunus dulcis (Miller) D.A. Webb], involving the generation of a huge seedling population from which the best genotypes will be selected. While the ability of breeders to generate large populations is almost unlimited, the management, study and selection of these seedlings are the main limiting factors in the generation of new cultivars. The identification of molecular markers associated with agronomic traits is of great interest for the Prunus breeding programs, and could accelerate enormously the selection process. In this study five tree traits (blooming time, leafing time, self-compatibility, productivity and ripening time) and three pomological traits (shell hardness, double kernel, and kernel bitterness) were studied in an almond progeny of 167 seedlings from the French cultivar “R1000” and the Spanish cultivar “Desmayo Largueta”. On the other hand, a set of 56 codominant SSR (simple-sequence repeat) markers developed from peach, cherry and almond were used for the molecular characterization of the progeny. A genetic linkage map was constructed with these 56 SSR markers and QTL (quantitative trait loci) analysis was performed in order to establish linkage between SSR markers and the agronomic traits. The development of efficient marker-assisted selection (MAS) strategies applied to almond and other Prunus breeding programs are discussed.","Sanchez-Perez R, Dicenta F, Martinez-Gomez P, Howad W, Arus P",Acta horticulturae,2006,
10.17660_ActaHortic.2006.713.5,6710,New detection of QTLs controlling major fruit quality components in peach,"Fruit quality is one of the main criteria for the selection of fruit of Rosaceae. The organoleptic quality of fleshy fruits is mainly defined by their soluble sugar and organic acid composition. The nutritional quality is partly determined by the phenolic compounds of the fruit that affect human health by limiting oxidations involved in cardiovascular disease. Also produce significant effects on taste and flavor of the fruit. A genetic linkage map was constructed from a peach F2 population of 208 individuals (‘Ferjalou Jalousia’® x ‘Fantasia’) (J x F). This population segregated for 6 Mendelian traits: peach or nectarine (G), flat fruit (S), non-acid fruit (D), clingstone or freestone (F), male sterility (Ps), no fruit at maturity (nfam). This population was analyzed during two years for fruit development characters, fruit acidity and sweetness, fruit weight and during one year for fruit phenolics. All Mendelian traits had a segregation ratio in agreement with single gene segregation and were mapped. QTLs were detected for nearly all characters: dry matter content, titratable acidity (TA), fruit pH, soluble solids content (SSC), organic acids (malic, citric, quinic), soluble sugars (sucrose, glucose, fructose, sorbitol, raffinose), total soluble phenolics, soluble and insoluble proanthocyanidins. No QTLs were detected for succinic, fumaric and isocitric acids that were in low concentration in fruits. QTLs with major effects on TA, pH and organic acid (malic acid, citric acid) were detected in the upper part of linkage group 5, where the D gene is located. In the same region, QTLs with lower effects were detected for all soluble sugars. This suggests that this region includes gene(s) with main metabolic determinants for fruit quality.","Dirlewanger E, Cosson P, Renaud C, Monet R, Poessel J, Moing A",Acta horticulturae,2006,
10.17660_ActaHortic.2006.717.18,6725,QTL analysis for resistance to Sharka disease (PPV-Dideron strain) in apricot using an F1 progeny derived from 'Stark Early Orange',"Since the late 1980s, sharka disease has become a serious threat for apricot (Prunus armeniaca). It is caused by an aphid-borne virus, Plum pox virus (PPV), which is included in the genus Potyvirus. Two major types of PPV occur: Dideron (PPV-D) and Marcus (PPV-M) strains for which the only known sources of resistance in apricot have been identified in North-American cultivars. As traditional breeding methods are time-consuming, the identification of the regions of the genome involved in resistance to PPV is a promising solution for the selection of new resistant cultivars. For this purpose, phenotypic evaluations were carried out in Spain, in a greenhouse, during 4 vegetative cycles, using PPV-Dideron RB 3.30 isolate, on a progeny derived from a cross between the susceptible cv. ‘Polonais’ and ‘Stark Early Orange’, a resistant cultivar. Quantitative trait loci (QTL) analyses were then performed with QTL Cartographer software, using different statistical procedures. Three genomic regions involved in PPV resistance were detected. One of these mapped to the upper distal region of linkage group 1 of ‘Stark Early Orange’ and accounted for 56% of the phenotypic variation. Two additional regions accounting for minor effects were detected on 2 homologous linkage groups of the maps of both cultivars. PPV resistance seems to be controlled by one major dominant factor and putative additional recessive factors are suspected.","Lambert P, Audergon J, Dicenta F, Rubio M",Acta horticulturae,2006,
10.17660_ActaHortic.2006.708.103,6726,QTL analysis for sugars and organic acids in strawberry fruits,"Improving fruit quality is an important goal for strawberry breeders. Quantitative trait loci (QTL) for fruit quality of cultivated strawberry (Fragaria × ananassa Duch.) have been identified. A segregating population of 213 individuals of a cross between ‘Capitola’ and ‘CF1116’, two genotypes with many contrasting fruit quality traits, was used in the study. Eleven traits related to sugar and acid content were evaluated for all progeny and for both parents. These traits were quantified by enzymatic and metabolic profiling using one-dimensional 1 H-NMR. Depending on the trait, measurements were taken over two or three years. Progeny showed a large range of variation for most of the traits. The strongest positive correlations were observed between fructose and glucose contents, and citrate and sum of organic acids. A total of 30 significant QTLs were detected by composite interval mapping (LOD superior to LODthreshold=2.88) and spread over eight female linkage groups and seven male linkage groups in coupling phase with a percentage of variation explained by a QTL ranging from 5.7 to 14.1 %. Strong co-locations of putative QTLs for fructose and glucose were detected, while other QTLs were detected for sucrose.","Lerceteau-Kohler E, Moing A, Guerin G, Renaud C, Maucourt M, Rolin D, Roudeillac P, Denoyes-Rothan B",Acta horticulturae,2006,
10.17660_ActaHortic.2004.649.16,6923,QTL analysis for fruit quality traits and resistance to Colletotrichum acutatum and Phytophthora cactorum in octoploid strawberry (Fragaria x ananassa),"Mapping of quantitative trait loci (QTL) controlling components of strawberry (Fragaria x ananassa Duch., 2n=8x=56) fruit quality and resistance to Colletotrichum acutatum and Phytophthora cactorum can be used to provide a better understanding of the genetic control of the traits, and to develop marker assisted selection for breeders. A segregating population of 213 individuals of a cross between ‘Capitola’ and ‘CF1116’, two genotypes with many contrasting fruit quality traits, was used for genetic mapping. ‘Capitola’ was resistant to the C. acutatum - pathogenicity group 1 (pg1) and to P. cactorum while ‘CF1116’ was susceptible to C. acutatum and moderately susceptible to P. cactorum. Fruit quality was evaluated on a total of 34 traits, including developmental and fruit aspect related traits, texture related traits, fruit acidity, sugars, ascorbate and amino acid concentrations. Most of the traits except the amino acid concentrations were evaluated during two successive years. Disease responses to C. acutatum (pg2) and P. cactorum were evaluated using a scale from 0 (no observed symptom) to 5 (dead plant) in two successive independent experiments. Data were analysed for putative QTLs using MapQTL. For the fruit quality traits, a total of 22 significant QTLs were detected by simple interval mapping (LOD>3.0) in the first year of analyses and 17 were detected in the second year. Only two QTLs could be detected in both years. The percentages of phenotypic variance explained by each QTL ranged from 6.5% to 16.0%. For resistances, a total of nine QTLs was detected (LOD>2.0), 4 for resistance to C. acutatum and 5 for resistance to P. cactorum with the percentage of variation explained by a QTL ranging from 6.5 to 12.2%. No QTL for the P. cactorum resistance overlapped the QTLs for the C. acutatum resistance.","Lerceteau-Kohler E, Moing A, Guerin G, Maucourt M, Renaud C, Rolin D, Roudeillac P, Denoyes-Rothan B",Acta horticulturae,2004,
10.17660_ActaHortic.2004.663.19,6924,QTL analysis for resistances to Colletotrichum acutatum and Phytophthora cactorum in octoploid strawberry (Fragaria x ananassa),QTL analysis for resistances to Colletotrichum acutatum and Phytophthora cactorum in octoploid strawberry (Fragaria x ananassa),"Denoyes-Rothan B, Lerceteau-Kohler E, Guerin G, Bosseur S, Bariac J, Martin E, Roudeillac P",Acta horticulturae,2004,
10.17660_ActaHortic.2004.663.56,6925,QTL analysis of fruit quality traits in Octoploid strawberry (Fragaria x ananassa),"Mapping of quantitative trait loci (QTL) controlling components of strawberry (Fragaria x ananassa Duch., 2n=8x=56) fruit quality can be used to provide a better understanding of their genetic control, and to develop marker assisted selection for breeders. For this purpose, a segregating population of 213 individuals of a cross between ‘Capitola’ and CF1116, two genotypes with many contrasting fruit quality traits, was used for genetic mapping. A total of 34 traits involved in fruit quality were evaluated, including developmental and fruit aspect related traits, texture related traits, fruit acidity, sugar and ascorbate concentrations. Amino acid concentrations were quantified using one-dimensional proton NMR spectroscopy. Most of the traits except the amino acid concentrations were evaluated during two successive years. A total of 22 significant QTLs were detected by simple interval mapping (LOD>3.0) in year 1, four on the female map and 18 on the male map, whereas 17 were detected in year 2, ten on the female map and seven on the male map. Only two QTLs could be detected in both years. When removing the year effect, 22 QTLs were observed, eight on the female and 14 on the male map. The percentages of phenotypic variance explained by each QTL ranged from 6.5% to 16.0%.","Lerceteau-Kohler E, Moing A, Guerin G, Renaud C, Courlit S, Camy D, Praud K, Parisy V, Bellec F, Maucourt M",Acta horticulturae,2004,
10.17660_ActaHortic.2012.929.16,8954,Location of QTLs affecting self-incompatibility in almond,"Although self-incompatibility (SI) in Rosaceae has been considered a single-locus qualitative trait, the evidence observed in different Prunus species has indicated the presence of modifier genes located outside the S locus. The almond progeny from the cross 'Vivot' × 'Blanquerna' has shown an unexpected self-incompatible behavior in most of the seedlings, thus requiring further study. Both parents possess the Sf allele, but with different phenotypic expressions. The male parent is self-compatible with the inactive Sf haplotype and the female parent is self-incompatible with the active Sf allele. Thus, the presence of other factors or genes involved in the mechanism of self-incompatibility in almond could explain the unexpected results. The use of microsatellite markers in this progeny has allowed identification of several loci involved in the SI reaction and to locate these modifier genes in the ‘V×B’ map. These results may indicate that almond is a species with a genetic background of pseudo-self-compatibility controlled by modifier genes.","Fernández i Martí A, Howad W, Tao R, Alonso J, Arús P, Socias i Company R",Acta horticulturae,2012,
10.17660_ActaHortic.2011.912.81,9012,Transmission of chilling and heat requirements for flowering in almond and development of QTLs,"Transmission of chilling and heat requirements for breaking dormancy and flowering were studied in a F1 almond progeny of 167 seedlings from a cross between the late-flowering French selection ‘R1000’ and the early-flowering Spanish cultivar ‘Desmayo Largueta’. The seedlings showed a wide range of chilling requirements for flowering (chill units, CU) between the progenitors ‘Desmayo Largueta’ (158 CU) and ‘R1000’ (741 CU), with a narrower range of heat requirements. Late-flowering seedlings finished dormancy 40 days after the earliest progenitor, ‘Desmayo Largueta’. The results indicated that flowering time in almond is mainly a consequence of the chilling requirement for a particular genotype, with heat requirement having a smaller effect. Both chilling and heat requirements for breaking dormancy showed quantitative transmission in the progeny studied. QTL (quantitative trait loci) analysis was performed to establish linkage between SSR markers and chilling and heat requirements in an almond genetic linkage map. The development of efficient marker-assisted selection (MAS) strategies for almond and other Prunus breeding programs are also discussed.","Sanchez-Perez R, Dicenta F, Martinez-Gomez P",Acta horticulturae,2011,
10.17660_ActaHortic.2012.962.20,9057,Detection of seed dormancy quantitative trait loci (QTL) in peach,"Dormancy is a condition that delays or inhibits growth in seed, vegetative buds, and floral buds. Growth resumes in vegetative and floral buds after winter bud dormancy has been met by the accumulation of chilling hours and heat units necessary to break endodormancy and ecodormancy, respectively. Seed germination occurs after seed dormancy has been met by sufficient accumulation of stratification hours. A recent study in our lab suggests that the date of seed germination and the same seedling’s vegetative and floral bud chilling requirement are not correlated. Correlations have been reported, however, between mean seed stratification requirements and mean bud chilling requirements among families. Prior to this study the number of genes involved in regulating seed dormancy and their location on the peach genomic map was unknown. Segregating F2 seed was collected from a high x low stratification requirement F1 hybrid in 2005, 2006 and 2008. Three experiments were performed in which batches of seed received varying amounts of stratification. Data on seed germination response, time of germination, and seedling development was collected. Genomic DNA from resulting plants was extracted and screened with SSR markers selected from the Prunus genomic map at an average resolution of 20 cM. Seed dormancy QTL were compared with previously detected vegetative and floral bud dormancy QTL. Seed dormancy QTL specific to stratification requirement and germination time were detected. A QTL region common to both seed stratification requirement and vegetative bud chilling requirement was found.","Blaker K, Chaparro J",Acta horticulturae,2012,
10.17660_ActaHortic.2012.962.17,9062,Genetic control and location of QTLs involved in antioxidant capacity and fruit quality traits in peach [Prunus persica (L.) batsch],"In peach fruits, phenolic compounds serve as a major source of potential antioxidants which are known to play a significant role in fruit quality and in human well being. This study was conducted in a F1 population derived from the cross 'Venus' × 'Big Top' nectarines in order to investigate the variability in the fruit antioxidant content and to study the genetic control and location of QTLs involved in fruit quality traits. Biochemical analyses have been performed to measure L-ascorbic acid (vitamin C), total phenolics, flavonoids, anthocyanins contents and antioxidant capacity.","Abidi W, Cantín C, Buhner T, Gonzalo M, Moreno M, Gogorcena Y",Acta horticulturae,2012,
10.17660_ActaHortic.2002.592.38,9109,Physical mapping and integration of QTL intervals involved in fruit quality on peach fruit variety and rootstock molecular maps,We report here the initial results concerning the transformation of AFLP markers into more portable SSR markers and their assignment to several groups of peach BAC clones. These AFLP markers have been previously located in QTL intervals involved in peach fruit quality on the genetic linkage map of the cross ‘Suncrest’ x ‘Bailey’. The purpose of this study was to combine genetic and physical maps in order to both undertake comparative mapping and to investigate the conservation of fruit quality characters among several Prunus persica (L.) Batsch. genotypes.,"Lecouls A, Reighard A, Abbott A, Dirlewanger E",Acta horticulturae,2002,
10.17660_ActaHortic.2002.592.35,9111,QTLs and genes controlling peach fruit quality,"The sugar/acid ratio contributes greatly to fleshy fruit quality. We undertook a QTL-candidate gene approach for this character in peach fruit. QTLs involved in peach sugar and acidity variations at maturity were detected using data from 3 years on an F2 progeny issued from a hybrid between ‘Jalousia’ (flat non-acid peach) and ‘Fantasia’ (round acid nectarine). We assumed that, among the genes involved in sugar and organic acid metabolic pathways, some may be responsible for the variability observed in peach fruit quality. Eighteen peach cDNAs encoding key proteins for cell expansion, sugar loading, or sugar and organic acid metabolism and vacuolar storage were isolated. They could not be mapped using the intra-specific progeny. However, they were located within the European Prunus reference map (Joobeur et al. 1998) derived from an interspecific almond x peach cross, which allowed to search for co-locations of cDNAs and QTLs by comparing the intraspecific map and the reference map. Using SSCP, we located 12 cDNAs to 4 linkage groups of the peach genome, and detected a cDNA/QTL co-location. It involved a cDNA encoding a tonoplast pyrophosphatase (PRUpe-Vp2) energizing the vacuolar storage of sugars and organic acids, and QTLs controlling peach soluble solid content and sucrose content at maturity. We further showed differences between ‘Jalousia’ and ‘Fantasia’ in the accumulation of mRNAs related to PRUpe-Vp2 during the fruit development.","Etienne C, Dirlewanger E, Cosson P, Svanella-Dumas L, Monet R, Moing A, Rothan C, Bodenes C, Plomion C, Kervella J",Acta horticulturae,2002,
10.1038_s41438-021-00648-2,14206,Chromosome-level genome assemblies of five Prunus species and genome-wide association studies for key agronomic traits in peach.,"Prunus species include many important perennial fruit crops, such as peach, plum, apricot, and related wild species. Here, we report de novo genome assemblies for five species, including the cultivated species peach (Prunus persica), plum (Prunus salicina), and apricot (Prunus armeniaca), and the wild peach species Tibetan peach (Prunus mira) and Chinese wild peach (Prunus davidiana). The genomes ranged from 240 to 276 Mb in size, with contig N50 values of 2.27-8.30 Mb and 25,333-27,826 protein-coding gene models. As the phylogenetic tree shows, plum diverged from its common ancestor with peach, wild peach species, and apricot ~7 million years ago (MYA). We analyzed whole-genome resequencing data of 417 peach accessions, called 3,749,618 high-quality SNPs, 577,154 small indels, 31,800 deletions, duplications, and inversions, and 32,338 insertions, and performed a structural variant-based genome-wide association study (GWAS) of key agricultural traits. From our GWAS data, we identified a locus associated with a fruit shape corresponding to the OVATE transcription factor, where a large inversion event correlates with higher OVATE expression in flat-shaped accessions. Furthermore, a GWAS revealed a NAC transcription factor associated with fruit developmental timing that is linked to a tandem repeat variant and elevated NAC expression in early-ripening accessions. We also identified a locus encoding microRNA172d, where insertion of a transposable element into its promoter was found in double-flower accessions. Thus, our efforts have suggested roles for OVATE, a NAC transcription factor, and microRNA172d in fruit shape, fruit development period, and floral morphology, respectively, that can be connected to traits in other crops, thereby demonstrating the importance of parallel evolution in the diversification of several commercially important domesticated species. In general, these genomic resources will facilitate functional genomics, evolutionary research, and agronomic improvement of these five and other Prunus species. We believe that structural variant-based GWASs can also be used in other plants, animal species, and humans and be combined with deep sequencing GWASs to precisely identify candidate genes and genetic architecture components.","Tan Q, Li S, Zhang Y, Chen M, Wen B, Jiang S, Chen X, Fu X, Li D, Wu H, Wang Y, Xiao W, Li L",Horticulture research,2021,
10.1270_jsbbs.20151,14319,Comparative QTL mapping for male sterility of cultivated strawberry (Fragaria × ananassa Duch.) using different reference genome sequences.,"Male sterility is one of the reproductive isolation systems in plants and quite useful for F1 seed production. We previously identified three independent quantitative trait loci (QTLs) for male sterility of cultivated strawberry, Here, we identified the specific subgenomes in which these QTLs are located by QTL-seq approach. QTLs qMS4.1, qMS4.2, and qMS4.3 were mapped separately in subgenomes Fvb4-4, Fvb4-3, and Fvb4-1, respectively, in 'Camarosa' genome assembly v. 1.0.a1. Candidate regions of qMS4.1 and qMS4.3 were clearly detected around 12-26 Mb in Fvb4-4 and 12-14 Mb in Fvb4-1, respectively; those of qMS4.2 were fragmented in Fvb4-3, which suggests that some scaffolds were incorrectly assembled in Fvb4-3. qMS4.3 was mapped to chr4X1 of 'Reikou' genome assembly r2.3, and qMS4.1 and qMS4.2 were both mapped to chr4Av, which indicates that differentiation of the subgenomes in which both QTLs are located was insufficient in 'Reikou' r2.3. Although 'Camarosa' genome assembly v. 1.0.a1 is an unphased map, which merges homologous chromosomes into one sequence, 'Reikou' genome assembly r2.3 is a phased map, which separates homologous chromosomes. QTL mapping to different reference genomes clearly showed the specific features of each reference genome, and that using different kinds of reference map could accelerate fine mapping and map-based cloning of certain genes of cultivated strawberry.","Wada T, Monden H, Isobe S, Shirasawa K, Sueyoshi T, Hirata C, Mori M, Nagamatsu S, Tanaka Y",Breeding science,2021,
10.17660_ActaHortic.2020.1281.77,14664,Identification of QTLs for chilling and heat requirements for bud dormancy release in Prunus mume and their co-localization with the DAM6 eQTL,"Bud dormancy is an important developmental stage that affects the blooming date (BD) and leafing date (LD) in fruit trees. Recent global climate change may affect the progress of dormancy, and the BD and LD. However, the genetic factors controlling the chilling requirement (CR) and heat requirement (HR) for dormancy release are yet to be elucidated. In previous study, we identified significant QTL for leaf bud CR and HR, and LD on LG4 of Japanese apricot (Prunus mume) (Kitamura et al., 2018). Here, we further tested the genomic synteny of the QTL region between Japanese apricot vs. peach (P. persica), and Japanese apricot vs. sweet cherry (P. avium). Our comparative genomic analysis suggested that 751, 635, and 509 genes were conserved in common in the genomes of three Prunus species, Japanese apricot, peach and sweet cherry genomes, respectively, in corresponding regions of Japanese apricot QTLs for dormancy-related traits including CR on LG4. Co-localization of significant QTLs controlling PmDAM6 expression with CR, HR and LD on LG4 was also supported. Our WGCNA analysis using published microarray data (Habu et al., 2014) identified the QTL interval genes showing expression patterns correlated with PmDAM6. Of these, 29 genes were annotated as transcription factors. Further characterizations should be conducted in genes located in this QTL interval, which will provide the clues to understand the genetic regulation of bud dormancy in Prunus.","Yamane H, Chen W, Kitamura Y, Habu T, Tao R",Acta horticulturae,2020,
10.1093_hr_uhae315,16889,Loss-of-function mutations in the fruit softening gene POLYGALACTURONASE1 doubled fruit firmness in strawberry.,"Wildtype fruit of cultivated strawberry (Fragaria  [Formula: see text]  ananassa) are typically soft and highly perishable when fully ripe. The development of firm-fruited cultivars by phenotypic selection has greatly increased shelf-life, decreased postharvest perishability, and driven the expansion of strawberry production worldwide. Hypotheses for the firm-fruited phenotype include mutations affecting the expression of genes encoding polygalacturonases (PGs) that soften fruit by degrading cell wall pectins. Here we show that loss-of-function mutations in the fruit softening gene POLYGALACTURONASE1 (FaPG1; PG1-6A1) double fruit firmness in strawberry. PG1-6A1 was one of three tandemly duplicated PG genes found to be in linkage disequilibrium (LD) with a quantitative trait locus (QTL) affecting fruit firmness on chromosome 6A. PG1-6A1 was strongly expressed in soft-fruited (wildtype) homozygotes and weakly expressed in firm-fruited (mutant) homozygotes. Genome-wide association, quantitative trait transcript, DNA sequence, and expression-QTL analyses identified genetic variants in LD with PG1-6A1 that were positively correlated with fruit firmness and negatively correlated with PG1-6A1 expression. An Enhancer/Suppressor-mutator (En/Spm) transposable element insertion was discovered upstream of PG1-6A1 in mutant homozygotes that we hypothesize transcriptionally downegulates the expression of PG1-6A1. The PG1-6A1 locus was incompletely dominant and explained 26-76% of the genetic variance for fruit firmness among phenotypically diverse individuals. Additional loci are hypothesized to underlie the missing heritability. Highly accurate codominant genotyping assays were developed for modifying fruit firmness by marker-assisted selection of the En/Spm insertion and single nucleotide polymorphisms associated with the PG1-6A1 locus.","Jiménez NP, Bjornson M, Famula RA, Pincot DDA, Hardigan MA, Madera MA, Lopez Ramirez CM, Cole GS, Feldmann MJ, Knapp SJ",Horticulture research,2025,
10.1093_pcp_pcag051,17556,Characterization of a cytosol-localized dual prenyl diphosphate synthase involved in monoterpene and sesquiterpene biosynthesis in strawberry.,"Plants produce more than a million metabolites, most of which are compounds from specialized metabolism. The biosynthesis of these metabolites is controlled by different organelles within cells. For terpenoids in particular, plant cells have two independent pathways: the methylerythritol phosphate pathway in plastids and the mevalonate pathway in the cytosol. Monoterpenes, a class of C10 compounds, play important roles in plant communication with other organisms, such as pollinators and herbivores, to aid reproduction and deter predators, respectively. Monoterpenes are generally produced by terpene synthases, which are responsible for each end product from the common substrate, geranyl diphosphate (GPP), via the methylerythritol phosphate pathway in plastids, where GPP biosynthesis also occurs. However, linalool, a major monoterpene found in strawberries (Fragaria × ananassa), is synthesized via the mevalonate pathway in the cytosol by a cytosol-localized terpene synthase, FaNES1. The enzyme that provides its substrate remains unknown. In this study, we identified two strong candidates for cytosol-localized trans-prenyltransferases. Both candidates were functionally characterized, and we demonstrated that one yielded both GPP and farnesyl diphosphate (FPP), with a higher efficiency for GPP. The other protein exclusively yielded FPP. Both proteins lack a transit peptide and are localized in the cytosol. Gene expression analysis revealed that GPP/FPP synthase is almost constantly expressed in strawberries. We also discuss a putative molecular evolution of the unique strawberry GPP synthase.","Tachibana Y, Ueoka H, Goto M, Dan N, Koita S, Li H, Kusano H, Ichino T, Munakata R, Sugiyama A, Yazaki K",Plant & cell physiology,2025,
10.1093_plcell_koag134,17581,The Gα protein FveGPA1 regulates inflorescence architecture via the FveBRI1-mediated brassinosteroid pathway in strawberry.,"Inflorescence architecture determines fruit number and size, making it a critical agricultural trait. In strawberry, inflorescences display distinct branching patterns that correlate with fruit size uniformity, but the underlying genetic mechanisms remain poorly understood. Here, we identified four basal-branching inflorescence mutants (bbi1-1, bbi1-2, bbi2-1, and bbi2-2) in woodland strawberry (Fragaria vesca), whose inflorescences are partially basal-branching compared to the upper-branching inflorescences of the wild type. The heterotrimeric G-protein α-subunit gene FveGPA1 is responsible for the defects in bbi1-1 and bbi1-2, whose phenotypes are further enhanced by a mutation in the γ-subunit gene FveAGG3. The brassinosteroid (BR) receptor gene FveBRI1 is the causal gene for the bbi2-1 and bbi2-2 mutants. Notably, bbi1 bbi2 double mutants produce exclusively basal-branching inflorescences, a more severe phenotype than single mutants, suggesting a synergistic interaction between FveGPA1 and FveBRI1. Gene expression analysis, BR sensitivity assays, and BR metabolite quantification, together with the observed rescue of the bbi1 phenotype through loss-of-function of the BR metabolic enzyme CYP734A129, collectively indicate that FveGPA1 regulates inflorescence architecture via the BR signaling pathway. This phenotypic change is driven by differential elongation of the peduncle and pedicel due to cell division and expansion. Our findings reveal a molecular framework for inflorescence internode elongation mediated by the heterotrimeric G-protein and BR pathways and provide a theoretical basis for optimizing strawberry inflorescence architecture.","Zhu Z, Zhang Y, Han Y, Hu S, Zheng G, Wu Y, Xu P, Lian H, Kang C",The Plant cell,2026,
10.3390_ijms27125479,17718,Genome-Wide Analysis Reveals the Roles of FAR1/FHY3 Genes in Fragaria × ananassa Under Abiotic/Biotic Stresses and Highlights Their Potential Functions in Anthocyanin Biosynthesis During Fruit Development.,"FAR1/FHY3 transcription factors are key regulators of plant growth and development, but their identification and functions in strawberries (Fragaria × ananassa) remain largely unexplored. In this study, 47 FaFAR1/FHY3 genes in cultivated strawberries were systematically identified, which were categorized into six subfamilies and randomly distributed across 15 chromosomes, with segmental duplication as the main driver of the expansion of this gene family. Integration of phylogenetic relationships, gene structure, and conserved motif composition uncovered distinct divergences among the subfamilies. A cis-acting element analysis of promoters and gene expression profiles showed that these genes responded to various abiotic and biotic stresses, phytohormones, and far-red light signals, with FaFAR1-7 and FaFAR1-44 strongly responding to multiple stresses, including temperature, drought, and pathogen infection. Additionally, FaFAR1-12 and FaFAR1-18 exhibited positive correlations with anthocyanin accumulation and the expression of key anthocyanin biosynthesis genes during fruit development. Dual-luciferase reporter assays further confirmed that FaFAR1-12 and FaFAR1-18 significantly activated the promoters of key structural genes related to anthocyanin biosynthesis, indicating that these two TFs exert vital regulatory functions in anthocyanin accumulation during strawberry fruit development. This study comprehensively identifies and characterizes the FaFAR1/FHY3 genes in cultivated strawberries, laying a foundation for their functional analysis and for screening out the key regulatory genes for strawberry fruit quality improvement.","Ren R, Xu Y, Cheng Y, Li Q, Ding W, Shen L, Chen L",International journal of molecular sciences,2026,
10.1007_PL00002912,793,Two genetic linkage maps of tetraploid roses,"A tetraploid F2 progeny segregating for resistance to black spot, growth habit, and absence of prickles on the stem and petioles was used to construct genetic linkage maps of rose. The F1 of the progeny, 90–69, was created by crossing a black spot-resistant amphidiploid, 86–7, with a susceptible tetraploid, 82–1134. The F1 was open-pollinated to obtain 115 seedlings. AFLP and SSR markers were used to eliminate seedlings produced through cross-fertilization. The remaining progeny set of 52 F2 plants was used to study the inheritance of 675 AFLPs, one isozyme, three morphological and six SSR markers. AFLP markers were developed with three combinations of restriction enzymes, EcoRI/MseI, KpnI/MseI and PstI/MseI. Most of the markers appear to be in simplex or single-dose and segregated 3:1 in the progeny. One linkage map was constructed for each parent using only the single-dose markers. The map of 86–7 consists of 171 markers assigned to 15 linkage groups and covering more than 902 cM of the genome. The map of 82–1134 consists of 167 markers assigned to 14 linkage groups and covering more than 682 cM of the genome. In the AFLP analysis, EcoRI/MseI generated nearly twice as many markers per run than PstI/MseI. Markers developed with three restriction enzyme combinations showed a mixed distribution throughout the maps. A gene controlling the prickles on the petiole was located at the end of linkage group 7 on the map of 86–7. A gene for malate dehydrogenase locus 2 was located in the middle of linkage group 4 on the map of 86–7. These first-generation maps provide initial tools for markerassisted selection and gene introgression for the improvement of modern tetraploid roses.","Rajapakse, S., Byrne, D.H., Zhang, L., Anderson, N., Arumuganathan, K., Ballard, R.E.",Theoretical and applied genetics,2001,
10.2503_jjshs.73.511,10531,Identification of Parentage of Japanese Pear 'Housui',"The 84 cross combinations used in the Japanese pear breeding program in 1953-1955 were investigated to identify the parents of 'Housui' (syn. 'Hosui'). Twenty-one putative parent cultivars were investigated for their S genotypes and skin types. The S genotypes of 75 out of 84 cross combinations could not have sired 'Housui' (S3S5) because neither putative parent has an S3 nor S5 allele. Skin types of all cultivars used for 9 cross combinations selected from S genotype analysis were russet types. For this reason, 9 cross combinations are possible sources for the putative parents of 'Housui'. These 9 cross combinations were investigated by utilizing 10 SSR markers developed from Japanese and European pears. The SSR analysis indicated that only two parental crosses, 'Kousui' (syn. 'Kosui') × '1-33' and '1-33' × 'Kousui' were possible; the other 7 parentages had discrepancies at the 2-6 loci. The two assumed parents of 'Housui', 'Kousui' and 'I-33' were investigated by using 51 more SSR markers. A total of 61 SSR marker analyses confirmed the parent-offspring relationships because 'Housui' inherited SSR alleles from 'Kousui' and '1-33' without any discrepancy. Chloroplast DNA (trnL-F region) was investigated to determine whether 'Kousui' or '1-33' was the female parent. The nucleotide sequence at the trnL-F region of 'Housui' was exactly the same as that of 'Kousui', but was different from that of '1-33'. Therefore, we conclude that 'Kousui' is the female parent of 'Housui' and '1-33' is the male parent.","Sawamura Y, Saito T, Takada N, Yamamoto T, Kimura T, Hayashi T,, Kotobuki K.",Journal of the Japanese Society for Horticultural Science,2004,
10.17660_ActaHortic.2013.976.65,9185,Development of SNP markers for marker-assisted selection in pear,"Single-nucleotide polymorphisms (SNPs) are desirable DNA markers for marker-assisted selection because of their high abundance, codominant inheritance, locus specificity and potential for automated high-throughput analysis. The average number of SNPs in introns has been reported to be several times higher than that in exons in many organisms. Potential intron polymorphism (PIP) markers, designed from expressed sequence tag (EST) sequences (exon regions), could amplify potential flanking intron regions without requiring genome sequence information. In this study, we used PIP markers designed from apple (Malus × domestica) ESTs to identify intron regions and to detect SNPs in pear (Pyrus spp.). We evaluated 170 PIP markers for Japanese pear P. pyrifolia cultivar 'Housui' and the European pear P. communis cultivar 'Bartlett'. Of the 170 PIP markers, 142 markers amplified fragments in both cultivars. The fragment size was larger than the size predicted from the apple EST sequences, suggesting the existence of introns in the amplified fragments. We sequenced the amplified fragments and detected candidate bi-allelic SNPs in intron regions of both cultivars. The genome sequences obtained from pear were aligned to the apple EST sequences, revealing that the sequences included donor and acceptor sites, and contained deduced exons and flanking introns in pear. SNP analysis showed that 55 and 54 markers were mapped on the genetic linkage maps of 'Bartlett' and 'Housui', respectively. The PIP markers designed from apple ESTs were applicable in pear and could be used to detect SNPs in intron regions and to develop SNP markers in pear. The PIP markers will facilitate marker-assisted selection for disease resistance and other important traits in pear breeding programs.","Terakami S, Nishitani C, Yamamoto T",Acta horticulturae,2013,
10.1046_j.1471-8286.2002.00128.x,7014,Development of microsatellite markers in the Japanese pear (Pyrus pyrifolia Nakai),"Thirteen polymorphic microsatellite loci were developed in the Japanese pear (Pyrus pyrifolia Nakai) by using an enriched genomic library. The obtained microsatellite loci showed a high degree of polymorphism in the Japanese pear with 3–6 alleles per locus. The average values of observed and expected heterozygosities among these 13 loci were 0.69 and 0.71, respectively. Ten microsatellites could successfully amplify loci in the European pear (Pyrus communis L.), which were highly polymorphic as well.","Yamamoto T, Kimura T, Shoda M, Ban Y, Hayashi T, Matsuta N",Molecular Ecology Notes,2002,
10.1007_s00122-004-1903-6,377,"Construction of an integrated map of rose with AFLP, SSR, PK, RGA, RFLP, SCAR and morphological markers","A high-density genetic map with a number of anchor markers has been created to be used as a tool to dissect genetic variation in rose. Linkage maps for the diploid 94/1 population consisting of 88 individuals were constructed using a total of 520 molecular markers including AFLP, SSR, PK, RGA, RFLP, SCAR and morphological markers. Seven linkage groups, putatively corresponding to the seven haploid rose chromosomes, were identified for each parent, spanning 487 cM and 490 cM, respectively. The average length of 70 cM may cover more than 90% of the rose genome. An integrated map was constructed by incorporating the homologous parental linkage groups, resulting in seven linkage groups with a total length of 545 cM. The present linkage map is currently the most advanced map in rose with regard to marker density, genome coverage and with robust markers, giving good perspectives for QTL mapping and marker-assisted breeding in rose. The SSR markers, together with RFLP markers, provide good anchor points for future map alignment studies in rose and related species. Codominantly scored AFLP markers were helpful in the integration of the parental maps.","Yan Z, Denneboom C, Hattendorf A, Dolstra O, Debener T, Stam P, Visser PB",Theoretical and Applied Genetics,2005,